Word,Emotion,Polarity,Social,Moral,Thought
ability,4.52,4.85,4.24,4.65,5.19
abundance,3.66,4.03,3.3,3.29,3.53
accident,3.09,3.6,2.62,2.62,3.15
accomplishment,5.41,5.52,3.97,4.74,4.72
accumulation,2.9,3.33,3.3,2.84,3.53
acquisition,2.9,3.64,3.76,2.94,3.28
acre,1.69,2.14,1.63,2.05,1.75
addition,2.59,3.33,2.79,2.13,3.88
admiration,4.97,4.76,5.03,4.16,4.91
advantage,3.59,3.61,3.73,3.45,3.72
adventurer,2.68,4.56,3.86,2.58,4.6
adversity,4,3.5,3.5,4.57,4.33
advice,3.27,5.2,5.31,3.54,5.71
affection,5.82,6.6,4.77,4.46,5.93
alley,1.45,2.7,2,1.77,1.79
alligator,1.93,3.12,1.55,1.58,1.5
ally,2.36,4.4,4.23,3.23,2.5
alphabet,1.91,3.6,2,2.39,3.57
ambition,5.41,4.76,4,4.48,4.84
ambulance,2.93,3.97,2.39,2.03,1.94
amount,1.54,3.1,1.69,2.15,2.79
amplitude,2.38,2.94,2.15,1.97,3.38
anger,5.91,4.5,4.3,3.85,5
animal,2.63,3.9,2.08,3.46,3.07
ankle,2.24,2.82,2.12,1.71,1.78
announcement,3.07,3.48,4.03,2.45,3.25
annoyance,5.55,4.3,3.39,3.53,4.86
anxiety,5.63,4.2,2.62,3.85,5.64
apology,3.71,4.14,4.37,4.17,5.25
appeal,4.75,4.1,3.87,3,4.88
apple,2.28,3.48,1.67,1.71,1.63
appointment,2.62,3.18,3.36,2.55,3.09
arc,2,2.7,1.77,2.23,2.5
arrangement,2.69,3.42,3.76,3.1,3.94
arrow,2.28,2.76,1.76,1.84,1.69
art,3.37,4.2,3.39,3.3,4.79
article,2,2.7,1.94,2.34,4.63
artist,3.52,4.21,4.12,2.35,4.16
aspect,2.9,3,2.61,3.58,4.16
assault,4,3.4,3.85,3.62,2.86
assistance,3.79,4.09,5.12,3.87,3.88
assumption,4.21,3.3,3.39,3.52,5.09
atom,2,3.4,1.92,3.38,2.36
atrocity,3.73,3.5,3.08,3.53,2.86
attempt,4.11,4,2.56,4,4.5
attention,4.55,4.7,4.58,3.84,5.53
attitude,4.76,4.18,4.06,4.87,5.97
autumn,1.4,4,1.67,3.29,1.83
availability,3.52,3.85,3.94,3.19,4
awareness,4.72,4.85,4.15,4.97,6.06
baby,4.52,4.33,5.12,2.32,2.53
bag,2.11,2.5,1.56,1.6,2.5
ball,2.24,2.91,1.88,1.71,1.44
ballot,2.27,2.3,2.85,3.23,3
banana,2.21,3.18,1.58,1.68,1.5
band,2.27,3.8,3.08,2.46,3.72
bandit,3,3,2.62,2.85,2.36
bank,2.56,3.5,2.12,3.4,3.42
beast,2.46,2.7,1.77,2.62,3.07
beauty,4.25,5.35,5.04,2.67,6.07
beaver,1.86,3,1.42,1.58,1.66
bed,2.34,3.91,2.91,2.06,1.59
bedroom,3.09,4.1,2.54,2.69,2.57
beetle,1.86,2.76,1.48,1.55,1.75
behavior,4.76,4.79,4.76,6.1,5.41
belief,4.9,4.76,4.15,4.87,5.75
bell,1.93,2.76,1.64,1.77,1.59
benefactor,3.9,3.97,5.24,3.45,2.63
bet,2.55,3.4,3.54,3.38,3.5
betrayal,5.73,4.3,4.93,3.85,3.57
beverage,2.24,3.36,2.06,1.58,1.5
bird,2.28,3.42,1.58,1.71,1.72
blade,1.97,2.79,1.61,1.71,1.59
blood,3.28,3.42,2.97,2.19,2
boat,1.86,3.36,2.06,1.71,1.88
body,3.45,4.42,3.39,2.52,2.38
bolt,1.82,3.1,1.77,2.23,2.21
border,1.63,2.6,2.69,2.61,2.79
boredom,4.91,3.5,2.46,2.61,4.71
bottle,1.9,3.03,1.79,1.48,1.47
boulder,2,2.91,1.88,1.77,1.56
boundary,2.09,3.1,2.84,4.23,3.22
boy,3.07,3.97,4.45,1.55,2.53
bracelet,2.28,3.18,2.36,1.52,1.66
brain,4.55,4.58,3.79,4.35,5.66
branch,1.89,1.92,2.69,1.9,3.67
brawl,3.82,2.8,4.46,2.85,3.14
brevity,2.83,3.09,2.61,2.61,3.91
bridge,2,3.45,2.24,1.74,1.88
brother,3.89,3.17,5.75,2.7,3.17
brute,3.18,3.9,2.61,3.16,2.5
bubble,2.1,2.79,1.79,1.58,1.84
bullet,2.17,3.3,1.97,1.84,2.22
burner,1.73,3,2,2.38,2.36
butter,1.83,3.64,1.61,1.58,1.59
butterfly,3.38,3.67,1.85,1.84,1.69
cake,2.72,4.09,2.3,1.74,1.44
calculation,2.97,3.85,2.39,2.81,5.13
calendar,2.34,3.39,3.06,2,1.91
camera,2.67,2.83,2.31,1.9,3.33
candidate,2.82,3.3,4.07,2.54,3.15
candy,2.72,4.06,1.97,1.84,1.5
capacity,3,3.61,3,3.16,4.13
car,2.31,3.88,2.45,1.77,1.81
cat,2.97,4.52,2.09,1.58,2.25
category,2.52,2.94,2.36,2.16,3.72
caterpillar,1.97,2.79,1.64,1.58,1.56
cause,3.33,3.75,3.06,4.2,4.92
ceiling,1.76,2.67,2.03,1.65,1.59
ceremony,3.82,3.4,4.31,3.31,2.86
chair,1.66,2.85,1.58,1.68,1.53
chance,3.56,3.91,3.38,3.3,4.67
character,3,3,4,5,4.5
charity,4.83,4.88,4.36,4.61,4
charter,2.27,2.5,1.92,2.39,2.65
chicken,2.1,3.18,1.85,1.58,1.5
chief,2.44,2.25,3.44,2,3.42
child,4.38,4.61,5.27,2.9,2.81
chipmunk,2.24,2.85,1.64,1.61,1.41
chlorine,1.73,3.2,1.77,2.08,2.07
chocolate,3.34,4.7,2.42,2,1.69
christmas,4.41,5.36,4.36,2.19,2.97
church,3.76,4.39,4.33,3.48,2.84
circuit,2,3.1,2.32,2.25,3.07
circumstance,3.17,3.48,3.45,4.9,4.34
city,2.66,3.67,3.73,1.77,2.28
claim,3.44,3.17,2.06,2.9,5.33
clean,3.27,4.3,1.77,3.92,3.36
clearance,2.38,2.91,2.33,2.29,2.44
cliff,2,3.48,1.79,1.71,1.78
cloth,1.89,2.42,1.69,2,2.75
clothing,2.62,3.67,2.64,1.77,1.69
cocktail,2.34,3.3,2.42,1.71,1.59
coffee,2.66,4.06,2.7,1.94,1.75
coffin,3.28,3.48,2,1.97,1.97
cognition,4,4.3,4.09,5,6.09
coincidence,3.17,4,3.27,2.97,3.78
combination,2.69,3.03,3.12,2.29,3.84
comparison,3.76,3.45,4,3.71,5.25
competence,4.21,5.21,4.24,4.94,5.44
complication,3.76,3.85,3.94,3.71,4.16
composer,3.09,3,2.77,2.15,5.07
comprehension,4.03,4.15,3.79,4.68,5.84
conclusion,3.14,4.06,3.03,3.65,5.38
conference,2.45,3.2,4.61,3.31,3.5
confidence,5.14,5.36,4.36,4.06,4.97
conscience,4.91,5.5,4.08,5.69,5.36
consequence,3.9,4.18,3.58,4.97,5.38
consideration,4.76,4.09,4.52,5.06,4.94
consistency,3.66,3.48,3.61,4.65,4.69
construction,2.59,2.65,2.47,3.29,4
contempt,5.82,4.2,3.92,4.61,5.14
context,3.03,3.52,3.21,4,5.06
contract,1.91,2.9,4.16,3.69,3.43
convergence,2.9,3.18,4,3,4.09
core,2.64,3.7,2.3,2.46,2.5
corn,1.66,2.94,1.73,1.58,1.44
corporation,2.55,3.36,4.76,2.48,2.75
corpse,3.34,3.45,2.18,1.74,1.94
correspondent,2.37,3,3.54,2.31,3.93
costume,2.22,2.58,2.19,2.1,3.09
cottage,2.55,3.61,2.27,1.61,1.88
coupon,1.97,3.3,2.15,2.03,1.88
cow,2.03,3.24,1.42,1.58,1.47
cowardice,4.69,3.52,3.61,3.9,3.97
cranberry,1.93,2.91,1.58,1.52,1.44
crime,3.55,3.4,3.38,4.31,3.22
crisis,3.8,4,2.67,3.57,3.67
criticism,4,6.5,3,5,5.17
crocodile,1.79,3.27,1.39,1.68,1.53
crown,2.45,2.97,2.58,1.84,1.72
cucumber,2.21,3.18,1.73,1.58,1.56
cup,2,2.76,1.64,1.52,1.5
curfew,2.37,3,2.54,2.23,2.64
dad,4.28,5.94,5.3,3.06,3.22
dagger,2.33,2.17,1.69,2.5,2.5
damage,2.91,3.8,2.15,3.31,2.71
danger,4.38,4.27,2.85,3.74,4.13
darkness,3.14,4,1.88,2.52,2.25
debt,2.8,4.25,2.33,3.14,1.83
deceit,4.4,6.5,3.5,4.71,5.5
decision,4.21,4.15,4.18,5.65,6.16
deduction,2.86,3.45,2.79,3.1,4.5
definition,2.41,3.39,3.15,3.19,4.47
degree,2.55,3.7,2.31,3.23,3.58
democracy,3.52,4.67,5.27,4.26,4.38
denial,4.41,3.82,3.94,3.1,4.38
dentist,3.07,4.18,3.61,1.97,2.53
deputy,1.73,3.2,2.85,2.23,3.14
description,3.17,3.45,3.12,2.61,4.88
design,2.55,4.4,2.62,2.77,4.36
desk,1.66,3.06,1.7,1.87,1.91
despair,5.18,4.5,2.46,3.62,4.86
destiny,4.28,4.61,3.91,3.81,4.19
determination,4.76,4.73,4.39,4.74,5.56
development,3.69,3.82,4.36,4.29,5.03
diamond,3.07,3.85,2.88,1.71,1.88
diet,2.67,3.7,2.24,3.17,3.88
difference,3.55,3.88,3.18,3.03,3.91
dilemma,4.52,4,3.39,4.39,4.72
dimension,2.93,3.52,2.39,2.58,4.31
disagreement,5.4,4.25,4.33,5,5.83
disappointment,5.18,4.3,3.3,3.77,4.79
disaster,4.31,4.33,3.09,3.32,2.94
disgust,6.09,4.2,2.46,3.46,5.22
distance,2.24,3.17,2.12,2.74,2.19
distraction,3.76,3.33,3.58,3.19,3.44
distribution,2.38,3.21,2.88,2.48,3.5
ditch,1.55,2.8,2.38,2.15,2.29
diversity,3.62,4.24,4.88,3.55,4.16
division,2.5,2.4,2.43,2.92,3.63
doctor,2.76,4.64,4.09,2.52,2.81
donor,3.36,5.2,4.46,3.15,3
door,2.03,2.82,2.06,1.9,1.53
dove,2.34,3.64,2.3,1.71,1.81
dozen,1.73,3.3,2,2.46,2.5
drama,4.73,4.3,4,2.23,5
drug,2.82,3.6,2.16,3.15,2.86
drum,2.07,2.76,1.58,1.52,1.75
duck,2,2.17,1.5,1.5,2.42
duel,2.67,2.87,4.05,2.88,3.44
duration,2.97,3.03,2.85,2.65,3.22
duty,4.34,4.64,3.76,3.94,4.56
dynasty,2.72,3.27,3.76,1.71,1.94
eagle,2.69,3.85,2.06,1.81,1.91
economy,3.34,4.06,4.24,2.81,3.5
edge,2.09,3.2,2.15,2.08,2.15
effect,2.45,4.6,2.46,3.15,5.14
effort,4.44,4.58,4.38,4.3,5.5
eight,1.91,3.1,1.85,2.31,2.5
electricity,2.09,4.2,2.08,2.61,3
elephant,2.03,3.18,1.61,1.61,1.75
emergence,3.41,3.24,2.73,2.9,3.34
empire,2,3.4,2.85,2.69,2.86
empty,3.45,3.2,2,2.69,2.36
enemy,3.54,4.4,5,3.46,2.72
engagement,3.82,5.4,5.23,3.39,4.07
entrance,1.82,3.2,2.3,2.77,2.43
entree,2.09,3.1,2.31,1.85,2.15
envy,5.82,3.6,4.23,4.46,5.29
episode,2.59,3.3,2.76,2.65,2.91
equality,4.66,5,5.85,5.35,5.38
error,3.34,3.55,2.85,4.65,4.06
escape,3.78,4.34,2.56,2.8,3.67
establishment,2.72,3.58,3.67,2.74,3.47
event,3.17,3.64,3.52,3,3.47
evidence,2.93,3.97,3.24,4.1,4.66
example,2.66,3.3,3.33,3.26,4.47
exception,3.69,3.45,2.97,4.23,3.63
exclusion,4.28,3.45,3.39,3.81,3.72
explanation,3.9,4.09,3.76,4.29,5.56
expression,4.97,4.21,4.85,3.68,5.31
extent,2.62,3.45,2.67,3,3.94
eyeball,2.41,3.48,2.12,2.03,1.97
fabric,1.73,3.1,1.77,2.46,2.22
fact,2.83,4.03,3,4.97,4.94
factory,2.28,3.06,2.91,1.58,1.81
faith,5.24,5.15,4.79,4.74,5.63
fallacy,3.34,3.24,3.12,4.35,4.09
fantasy,4.93,4.36,3.55,2.94,5.94
fat,3.36,4.1,2.77,2.69,3.29
fate,4,4.2,3.15,3.85,4.5
father,4.34,6,5.48,3,2.94
fear,5.36,4.3,2.31,3.54,5.29
fifteen,2.27,3.5,1.77,1.69,2.64
fight,4.27,4.4,4.92,4,3.28
figure,2.73,3.5,2.85,2.46,3.36
file,1.64,2.9,2.08,2.08,3.57
fireplace,2.21,4.12,2,1.58,1.72
fisherman,2.59,3.15,2.91,1.97,1.88
flask,1.93,3.03,1.73,1.58,1.5
flavor,3.37,4.5,2.15,2.46,3.21
fog,2.59,3.27,1.88,1.61,1.63
food,3.38,5.03,2.79,2.39,2.34
football,2.62,3.55,2.97,1.81,1.59
forest,2.69,4.24,2.09,1.58,2.03
form,2.09,3.3,1.92,2.31,3.29
foundation,2.27,2.9,2.46,3.39,2.57
fountain,2.14,3.61,2.21,1.58,1.75
freedom,5.45,5.85,4.76,5.84,5.53
friendship,5.91,6.4,6.38,4.77,5.14
frog,2,2.85,1.55,1.58,1.59
frustration,5.73,3.7,3.62,3.38,4.86
future,3.04,4.45,4.31,4.34,5.69
gender,3.66,3.7,4.21,2.9,2.81
genuine,4,5.5,3.08,4.39,5.08
germ,2.09,3.5,2.08,2.77,2.57
gesture,3.09,4,3.46,3.7,3.5
girl,3.38,4.45,4.3,2.13,2.59
gorilla,2.24,3.12,1.39,1.61,1.78
grammar,2.54,3.3,2.31,2.61,4.93
grandmother,4.41,5.24,5.36,2.48,2.63
grass,2.34,3.39,1.7,1.84,1.78
grasshopper,1.9,3.09,1.48,1.68,1.5
grief,6,4.4,3.54,3.46,4.79
group,2.36,3.3,5.77,2.92,3.36
guess,3,3,2.38,2.1,4.92
guide,1.91,3.5,3.38,3.16,3.86
guilt,5.91,4.4,3.85,4,5.07
gun,3.07,3.97,2.24,2.1,1.91
handkerchief,2.22,1.67,1.63,1.5,2.58
hat,1.97,2.91,1.94,1.52,1.56
hatred,5.6,6.5,3.67,4.29,4.83
hazard,2.45,3.3,3.15,3.08,3.5
heap,1.91,2.8,1.77,2.54,2.86
heart,4.72,4.39,4.61,4.1,3.03
helmet,2.14,2.52,1.73,2.16,1.59
helplessness,4.91,4.4,2.92,3.54,4.29
heresy,3.41,2.88,3.94,3.35,3.84
hierarchy,3.07,2.79,4.3,3.06,3.06
hobby,2.67,4.19,3.07,3.21,4.57
hog,2.27,2.8,2.23,2.54,2
holiday,4.07,4.88,4.39,2.19,2.09
honesty,5.38,5.73,5.52,6.13,5.53
hope,6.11,5.34,5,4.9,5.59
horse,2.48,3.64,1.73,1.61,1.66
hospital,3.41,4,4.03,2,2.41
hotel,2.21,3.52,2.7,1.61,1.63
hurricane,2.93,3.85,2.21,1.94,2
hurt,5.18,4.3,2.88,3.89,4.64
idea,4.14,4.76,3.36,4,6.47
identification,4,4.03,4.12,3.16,4.47
identity,4.79,4.45,5,4.19,5.25
idiom,3.07,3.03,3.03,1.84,4.75
ignition,2.09,2.9,2.15,2.15,2.22
ignorance,3.9,4.06,3.76,3.77,4.78
imagination,4.73,4.9,3.08,4.07,6.36
immortality,5.07,4.64,3.18,3.26,4.09
impairment,3.97,3.79,2.88,3.48,4.22
importance,4.48,4.3,4.15,4.68,4.81
impossibility,3.59,3.03,2.58,3.71,4.41
improvement,4.07,4.64,4.03,5.35,4.97
incentive,3.66,4.55,4.06,4.39,4.38
inch,1.94,2.21,1.63,2.25,2
incident,3.07,3.15,3.15,3.52,3.75
income,2.19,5.06,2.72,3.59,3.08
increase,2.78,3.92,2,2.7,3.42
independence,5.1,5.52,5.03,4.58,5.38
individual,3.63,4.95,3.94,5.13,4.63
industry,2.09,3.1,3.15,2.7,2.72
infection,1.92,2.64,2.36,2.63,2.88
information,3.41,4.67,3.82,4.39,5.63
injury,3.09,3.4,2.38,2.62,2.93
inn,2.09,3,2.85,1.92,2.36
insight,4.86,4.58,4.12,4.52,6.34
instance,2.11,2.33,2.44,2.4,3.17
instinct,4.52,4.21,3.73,4.26,4.38
institute,1.63,3.4,2.46,2.62,2.15
instructor,1.91,3.6,5,3.46,4.86
integrity,4.55,5.3,4.58,5.52,5.44
intelligence,4.28,5.76,4.58,5.03,6.16
intention,4.38,3.82,4.45,5.06,5.03
interaction,4.62,3.97,6.12,4.16,4.69
interior,2.5,2.87,2.41,2.17,3.44
interruption,3,3.3,3.18,2.81,3.06
introduction,3.14,3.12,3.7,2.42,4
iron,2.27,3.3,1.85,2.77,2.36
irony,4.1,3.45,3.15,2.58,4.53
irrigation,3.77,3.5,3.08,2.85,3.61
island,2.34,4.12,2.24,1.74,1.66
issue,3.22,3.25,2.75,4.1,4.92
itch,2.64,2.8,1.54,2.08,3.08
item,1.6,2.25,1.67,1.57,1.17
jacket,2.14,3.12,1.85,1.74,1.44
jerk,4.18,3.5,3.54,3,3.28
jewel,2.72,3.52,2.61,1.55,2.06
job,2.46,5.3,4,4.23,3.71
justice,5.1,5.39,5.18,5.81,5.13
justification,3.92,4.24,2.68,5.88,5.88
key,2.14,3.21,2.55,2.55,2.16
kindness,6.24,5.55,5.3,5.35,4.91
kite,2.24,3.15,2.12,1.52,1.63
kitten,3.38,4.48,2,1.74,1.94
knife,2,4,2,2.54,2.22
knowledge,4,5.36,4.94,5.16,6.34
lake,2.28,3.73,2.09,1.68,1.88
lamb,2.62,3.58,1.94,1.68,1.66
lamp,2.1,2.88,1.48,1.55,1.47
landscape,2.59,4.24,2.21,1.68,1.75
lane,1.73,2.6,1.92,2.15,1.79
latch,2.18,2.5,1.92,2.69,2
laughter,6.45,5.55,4.88,3.1,3.72
laundry,2.21,3.3,2.18,1.94,1.69
law,2.67,3.33,2.44,5.4,4.75
leader,2.73,4.1,4.39,4.31,4.22
leadership,4.31,4.94,5,4.26,4.94
legality,2.79,3.67,3.76,5.48,4.41
lemon,2.52,3.24,1.48,1.58,1.59
length,1.86,2.33,2,2.41,2.08
lens,1.63,2.5,2.08,2,2.29
leopard,2.52,3.48,1.52,1.68,1.78
lesson,2.45,4,3,4.85,4.64
lettuce,2.1,3.18,1.64,1.61,1.63
liar,4.92,3.84,3.99,4.17,4
lightning,2.41,4,1.79,1.84,1.97
lily,1.91,3,2,2.54,1.93
limitation,3.9,3.58,3.18,4.42,4.31
line,2.06,2.79,2.47,2.75,2.1
linen,2.11,1.84,1.75,1.5,2.58
lion,2.41,3.67,1.82,1.68,2.06
lip,2.59,3.21,2.97,1.55,1.59
lisp,1.79,2.87,1.57,2,3
literature,3,3.75,3.16,3.38,5.25
lizard,2.28,3,1.48,1.58,1.47
loafer,2,4.2,2.62,2.77,2.57
loan,1.91,4.5,3.84,2.84,2.93
lobster,2,3.33,1.61,1.61,1.94
location,2.76,3.45,2.7,2.65,2.25
lock,2.11,2.34,1.69,2.2,2.84
logic,4.07,5.45,4.21,4.87,6.06
love,6.44,6.08,6.38,5.2,5.5
lunch,2.18,4.3,2.93,2.46,2.86
macaroni,2.14,3,1.85,1.58,1.44
magic,3.78,3.17,3,2.3,4
magnitude,3.03,3.27,2.58,3.03,3.97
majority,3.07,3.42,3.79,2.9,4.03
malice,5.66,3.79,3.97,3.77,4.44
mankind,3.55,4.4,4.31,4.08,4.72
manner,4.11,4.33,3.62,4.5,4.92
mansion,2.59,3.18,2.52,1.74,1.69
march,2.09,3.3,1.85,2.16,2.65
margin,1.91,2.2,2.31,2.69,2.64
marriage,4.18,5.4,6.15,4.23,4.36
master,2.46,3.3,4.85,2.69,4.07
mastery,4.48,4.58,3.24,3.9,4.75
material,1.91,3.1,2,2.46,2.29
math,2,4.6,2.31,2.62,4.08
mattress,2,2.79,2.48,1.65,1.5
measure,2,3,2.37,2.45,3.85
medicine,2.67,3.67,2.56,2.5,4.42
meeting,2.46,3.8,4.61,2.84,3.65
member,2.46,4.4,5,3.69,2.86
memory,4.9,5.06,4.3,3.52,5.94
menu,1.93,3.58,2.03,1.97,1.91
mercy,5.62,5.12,5.24,4.77,4.97
message,2.34,3.27,4.05,2.75,4.19
metaphor,3.28,3.3,2.97,2.39,5.19
method,3,3.7,3.21,3.19,4.84
microscope,2.28,3.24,1.82,1.58,2.28
midnight,2.76,4.03,2.33,1.61,1.75
mile,2.09,2.7,1.69,2.61,3.14
mileage,2.46,2.7,1.77,2.39,2.21
mind,4.09,4.9,2.39,4.77,5.93
miracle,4.34,4.79,3.64,3.29,3.91
misery,5.27,4.3,2.3,4.31,5.21
missile,2.31,3,2.39,1.61,2.13
mold,2,2.9,1.69,3.08,2.22
moment,3.45,3.58,4.3,2.58,2.94
money,3.69,5.48,4.42,3.32,3.69
month,1.91,3.4,2.08,2.62,2.36
moonlight,2.76,4.36,2.09,1.68,2.38
moral,5.09,5.7,3.46,5,5.93
mosquito,2.34,3.36,1.42,1.55,1.72
mother,4.76,5.36,5.36,3.58,3.59
mountain,2.48,4.03,1.94,1.65,2.06
mud,1.73,3.8,1.54,2.54,2.57
murder,4,3.7,3.85,4,3.86
music,3.82,5,2.62,3.54,4.43
mustard,1.97,3.24,1.52,1.68,1.44
mystery,3.28,3.91,3.39,2.19,4.75
myth,3.28,3.82,2.73,2.39,5.06
name,2.27,4.5,3.54,2.38,2.57
nation,2.54,3.9,3.31,3,3.29
necessity,3.79,4.27,3.52,4.45,3.56
neck,2.07,3.24,2.55,1.58,1.78
necklace,2.41,3.18,1.91,1.58,1.69
neighborhood,3.27,3.8,4.54,2.84,3
nerve,4.09,3.8,2.62,3.23,4.14
newspaper,2.45,3.12,3.39,1.68,2.69
nose,1.54,3,2.54,2.61,2.22
number,1.82,2.9,2.08,2.23,3
nurse,2.73,4.2,3.92,2.23,3.07
object,1.73,3.3,2,2.62,2.72
obstruction,2.27,2.4,2.08,3,3.07
occasion,3.14,3.03,3.52,3.29,3.16
occupation,3.14,4.15,4.24,3.87,3.84
ocean,2.76,4.15,2.15,1.84,2.66
odor,2.64,3.4,2.08,2.31,3.43
onion,1.86,3.06,1.67,1.52,1.47
opera,3.24,3.12,2.55,1.74,1.81
opinion,4.79,4.42,4.61,4.61,5.72
opponent,3.09,3,4.77,3.85,2.93
opportunity,3.83,4.76,4.3,4,4.91
opposition,4.07,3.67,3.67,3.32,5.34
orchestra,2.66,3.7,3.27,1.61,3
orchid,2.86,3.18,1.79,1.52,1.84
origin,2.86,3.3,2.61,2.65,4
originality,4.69,4.52,3.76,3.94,5.38
outcome,3.59,3.79,3.24,4.19,4.38
outfit,2,3,2.54,2.69,2.93
oven,2.24,3.21,1.97,1.55,1.56
owner,2,3.8,4,2.85,3.36
ownership,3.62,4.09,4.06,3.77,3.47
palace,2.62,3.15,2.18,1.68,1.53
paradigm,3,3.55,2.64,3.16,4.91
paragraph,1.84,2.65,1.6,2.25,3.63
parish,1.55,3,2.46,2.53,2.14
park,2.18,4.1,2.15,2.46,2.78
past,3.67,4.59,4.25,3.8,4.58
pawn,2.55,3,3.15,2.77,2.43
payment,2.18,4.7,2.69,3.62,2.57
peace,4.73,4.9,3.62,4.77,5.29
peacemaker,4.38,4.92,3.95,4.88,4.63
peach,2.45,3.3,1.55,1.65,1.59
perception,4.59,4.3,4.67,5.13,5.5
performance,3,5,3.47,3.85,4.75
permission,3,3.64,4.03,4.81,4.09
personality,5.44,5.25,5.31,5.3,5.92
pest,2.59,3.09,2.73,2.25,3.32
phenomenon,3.03,4.18,3.18,2.58,4.31
philosophy,3.79,4.03,4.27,4.61,5.84
photo,3.72,4.06,3.64,1.94,3.38
photograph,2.73,3.9,3.54,2.69,3.93
physics,1.73,2.7,1.77,3.85,3.93
pie,2.59,4.12,1.76,1.77,1.5
pig,2.28,2.91,1.64,1.58,1.78
pigeon,1.97,2.67,1.48,1.58,1.5
pile,2.09,2.7,1.62,1.62,2.64
pill,2.56,2.83,1.75,1.6,2.67
pillow,2.31,4.21,2.03,1.84,1.41
pimple,2.34,3.45,2.09,1.71,1.59
play,3.48,4.72,3.76,2.85,3.08
poetry,2.94,4.07,2.74,2.25,4.55
policeman,3.28,3.7,4.15,3.61,2.47
poll,3.34,2.8,2.73,2.5,3.82
pond,2.28,3.39,1.85,1.52,1.84
pool,2.27,4.1,2.08,2.38,2.14
possibility,3.69,4.33,3.42,3.94,5.06
potato,2.31,3.3,1.48,1.58,1.53
prediction,3.41,3.52,3.24,3.65,4.94
preference,4.38,4,3.39,4.19,5
preparation,3.03,4.06,2.94,3.84,4.56
presence,3.69,3.36,4.21,3.16,3.84
pretense,3.79,3.45,3.55,3.58,4.53
principle,3.67,4.66,3.5,6.4,5.59
produce,2.36,3.6,2.08,2.77,4.07
production,2.93,3.64,3.67,2.23,4.41
professor,2.46,4.5,3.84,3.85,4.21
promotion,3.79,4.55,3.79,3.13,4.06
proof,3.07,4.58,3.18,4.26,5.03
prop,2,2.8,1.69,2.31,2.86
propeller,1.59,2.48,1.91,1.48,1.81
property,2,3.9,2.85,2.92,2.28
proportion,2.31,3.7,2.45,2.52,4.03
protection,4.09,5,2.85,4.46,4.5
psalm,3,2.87,2.37,2.38,3.69
puddle,1.64,2.9,1.77,2.16,2.5
punishment,4.09,3.7,3.69,4.23,3.79
puppy,3.76,4.64,2.55,1.94,2.03
purpose,4.45,4.58,4.3,4.87,5.09
pyramid,2.1,3.06,2.55,1.61,3.06
quality,3.41,4.76,3.33,4.03,4.69
queen,2.31,3.12,3.97,2.03,2.09
rabbit,2.62,3.12,1.45,1.68,1.69
radio,2.56,3.42,2.06,2.1,3.17
rainbow,3.69,4.12,2.03,1.94,1.75
raspberry,2.03,3.33,1.61,1.55,1.53
real,2.45,4.8,2.69,3.54,5.07
reality,4.55,4.39,3.97,4.48,5.31
reason,3,4.4,2.69,4.77,5.36
rebel,3.55,4.1,3.39,3.85,3.86
recital,2.27,2.4,2.39,2.15,4.07
recognition,4.1,4.24,4.67,4.26,5.19
record,1.89,2.83,2.06,2.9,3.17
reduction,2.21,2.91,2.18,2.26,3.81
reflex,2.18,3.6,2,3.61,3.21
refrigerator,2.28,3.42,2.12,1.68,1.59
regret,5.27,4.4,4.23,3.62,5.5
regulation,2.66,3.45,2.94,4.9,4.25
reinforcement,3.17,3.76,3.76,4.45,3.84
relief,5,5.42,2.56,3.3,5.33
rent,1.64,3.7,2.84,3.23,2.14
replacement,3,3.36,2.76,2.42,3.25
republic,1.91,2.5,3.23,3.38,2.71
reputation,4.17,4.91,4.76,4.32,4.53
requirement,2.93,3.61,2.97,3.97,3.69
resort,2,3.7,2.38,2.7,3.14
response,4.1,3.45,3.85,4.26,4.75
responsibility,4.66,5.3,5.03,5.87,5.44
result,2.64,4.1,2.38,3.46,4.43
retention,2.59,3.64,3.15,3.1,4.06
revenge,5.07,3.82,4.94,4,4.81
rhyme,2.31,2.64,2.05,2.55,3.75
riddle,2.63,3.6,3,2.38,3.79
ring,2.89,3.17,4.5,2.5,2.75
riot,3.82,3.8,3.46,2.92,3.07
risk,4.44,3.75,3.63,4.3,4.08
river,2.41,3.82,1.88,1.61,2.13
road,1.76,3.27,2.33,1.94,1.69
robbery,2.91,3.2,3.92,3.46,3.08
robin,2.24,3.15,1.79,1.61,1.72
rocket,2,3.09,2.06,1.52,2.28
roof,2.07,3,2.09,1.55,1.75
route,2,2.6,2.38,2.77,2.5
rule,2.27,3.4,2.85,3.38,4.28
sadness,5.82,4.3,2.38,3.61,5.22
safety,3.91,5.6,2.38,4.69,4.57
salad,1.83,3.48,1.82,1.58,1.69
salary,2.5,4.5,2.63,3.6,2.8
saloon,2.1,3.27,2.91,1.61,1.72
sanctuary,3.75,3.72,2.02,3.25,4.5
sandal,1.72,2.76,1.94,1.52,1.72
satisfaction,5.9,5.09,4.67,4.19,5.19
scene,1.5,3.71,2.58,2.25,2.55
scent,2.44,4.29,2.15,2.75,3.65
scholar,2.42,4.3,3.45,3.09,4.94
season,1.84,3.09,2.69,2.42,3.82
second,2.22,3,2.13,1.7,3.17
security,4.22,4.75,4.63,4.2,4.34
sedative,3.09,4.4,2,2.38,2.78
segment,2.27,2.9,2.08,2.54,2.22
selection,2.79,3.33,2.85,3.23,4.28
self,4.27,5.4,3.77,5.53,5.43
separation,4.24,3.73,3.88,3,3.41
shame,5.36,4.4,2.93,4.23,5.07
shape,2,2.83,2.04,2.11,2.54
shark,2.76,3.42,1.64,1.68,1.53
shirt,2.17,3.03,2,1.71,1.66
shock,5.09,4.1,2.46,2.77,5.15
shortness,2.27,3.4,2.54,2.08,2.5
show,2.37,4.5,2.77,2.31,3.72
shrimp,1.79,3.33,1.48,1.55,1.53
sight,3,4,2.69,3.61,4.71
significance,4.34,3.82,4.48,4.19,4.72
silence,2.63,3.6,2.69,1.84,4.29
sister,3.9,4.39,5.09,2.65,3.41
site,1.73,3.1,1.77,2.77,2.43
situation,3.76,3.76,4.15,4.06,4.97
size,2,3.6,2.23,3,2.86
skill,3.28,4.73,3.67,3.55,5.31
skin,2.69,3.45,2.7,1.87,2.03
skull,2.41,3.03,2.09,1.84,1.84
skunk,2.31,3.06,1.39,1.74,1.59
sky,2.69,4.12,2.09,1.71,1.97
smell,1.91,4.4,2.84,2.46,3.5
snake,2.79,3.64,1.61,1.58,1.56
sneeze,2.14,3.07,2.08,1.94,2.94
snow,2.55,4.03,1.94,2,1.88
sofa,2.24,2.94,2.09,1.71,1.63
sole,1.63,2.6,2.69,2.15,2
soul,4.84,4.6,3.27,4.42,5.75
sow,1.91,2.5,1.92,2.31,2.79
specialist,2.09,4,3.62,3.07,4.5
specimen,2.17,3.17,2.34,2.42,3.44
speech,2.94,3.29,3.84,3.35,5.1
spelling,2.09,3.5,2.15,3.31,4.22
spider,2.52,3.48,1.79,1.74,1.72
spirit,5.11,4.67,4.31,4.5,4.83
square,1.82,2.8,2,2.61,1.93
squeak,2,2,1.85,1.69,2.43
standard,2.89,4.25,2.31,4.7,4.75
stapler,1.59,2.7,1.67,1.48,1.63
starch,2,2.6,1.77,2.39,2
state,2.54,3.1,2.77,2.46,3.36
station,1.91,3.1,2.31,2.38,2.43
steam,1.82,2.6,1.92,2.46,2.28
stick,1.82,2.6,2,2,2.22
stimulus,3.48,3.58,3.27,2.97,4.53
story,3.21,3.79,2.86,3.21,4.57
stranger,2.21,2.98,4.23,2.29,2.99
street,1.54,2.8,2.23,3.31,1.79
stride,2,3.4,2.23,2.85,3
student,2.82,4.2,4.46,2.77,3.72
stupidity,4.14,3.76,3.82,3.23,4.03
subtraction,2,2.8,2,2.23,3.43
sugar,2.28,3.82,1.85,1.84,1.59
suggestion,3.67,3.42,2.75,2.6,5
suit,2.44,2.83,1.94,2.4,2.83
summer,2.31,4.5,2.11,2.75,2.8
supply,2.37,3.7,2,3,2.57
suspect,2.91,3.3,3.46,2.92,4.21
sword,2.44,2.17,1.38,1.8,2.75
synagogue,2.64,3.1,3.38,2.69,2.64
talent,3.22,5.42,3.12,3.9,4.34
tallness,1.91,3.7,2.92,2.07,2.93
tax,2.45,3.5,3.08,3.23,2.57
teacher,2.27,4.8,5.08,3.38,4.57
television,2.45,4.55,3.27,2.06,2.09
temperature,2.36,3,2.15,2.61,3.21
temple,2.73,2.5,2.77,2.92,2.71
tendency,3.72,3.58,3,4,4.63
tennis,2.21,3.12,2.88,1.52,1.5
tension,4.46,4.3,4.77,3.53,5.72
territory,2.46,3.7,3.07,3.23,2.79
theory,3.52,3.97,2.97,3.45,6.31
thief,3.27,3,3.38,4.15,2.72
thing,2.27,2.8,2.08,1.92,3.14
thorn,2.38,3.45,1.48,1.61,2.03
thought,4.91,4.8,3.08,5.38,6.36
three,2.18,2.9,1.77,2,2.07
tide,1.82,2.9,1.62,2.77,2.43
time,2.78,4.17,3.56,3.7,4.34
tip,1.91,3.5,2.08,2.62,3.43
toilet,2.48,2.82,2.18,1.84,1.44
tomato,1.9,3.27,1.73,1.58,1.56
tongue,2.62,3.7,3.15,1.77,2.59
tool,2.17,3.3,2.06,1.84,2.22
topic,2.76,3.06,3.09,2.77,4.25
towel,2.21,3.03,2,1.52,1.69
tradition,4.45,4.97,4.52,3.77,3.78
tragedy,4.37,4.2,3,3.85,4.64
translation,3.17,3.03,3.7,2.55,4.88
traveler,2,3.8,3.62,3.23,4
tree,2.59,4.09,2.06,1.58,1.88
truck,1.93,2.85,2.06,1.68,1.59
trumpet,2.44,2.17,1.25,1.7,3.67
trust,5.89,5.83,5.69,6,5.34
truth,5.48,5.52,4.58,6.26,5.53
tune,2.36,3.5,1.92,2.46,3.14
twig,1.63,2.3,1.77,2.38,1.57
typewriter,1.69,2.58,1.88,1.61,1.84
uncertainty,4.45,3.48,3.79,3.77,5.53
uncle,2.56,2.17,5.62,1.8,2.75
underworld,1.59,2.42,1.73,2.54,2.88
uniform,3,2.83,2,2.5,3.17
unit,2.66,2.64,3.27,2.26,1.94
unity,4.83,4.27,5.73,4.26,4.38
university,2.34,4.79,4.48,2.71,5.75
value,3.45,4.7,2.46,4.61,4.93
vapor,1.73,2.4,1.84,2.23,3
variety,2.79,3.79,3.12,2.52,3.53
verse,2.82,2.6,2.08,2.61,3.57
victim,3.64,4.6,4.77,3.23,3
view,2.18,4.1,3.08,4.23,5.14
vision,3.18,3.8,2.38,4,5.79
visitor,2.64,3.4,4.77,3.31,2.5
vocabulary,2.86,3.94,3.36,2.39,4.94
volcano,2.48,3.18,1.73,2.03,1.59
volt,2.18,2.9,1.92,2.23,2.43
volume,2.27,3.6,1.69,2.53,2.93
wage,2.18,4.2,2.39,3.38,3.43
wallet,2.38,3.64,2.3,2.29,1.69
want,5.33,4.92,3.19,3.9,5.42
waste,2.17,3.27,1.66,2.25,2.94
water,2.33,3.58,1.87,2.4,3.33
wave,3.11,2.66,2.56,2.1,3.84
weather,2,4.5,2.08,2.92,3.36
weight,2.45,3.4,2.23,2.69,3
willingness,4.97,4.36,4.24,4.61,5.09
window,2.1,2.85,1.97,1.65,2.22
winter,2.3,4.25,1.67,2.93,2.25
wisdom,4.41,5.58,4.45,5.48,6.09
wish,4.54,4.3,2.77,3.08,4.93
witness,2.91,3.2,4.31,2.69,4.28
wolf,2.45,3.42,1.58,1.65,1.72
woman,3.97,4.7,4.79,2.55,2.84
wood,2.11,1.92,1.63,1.6,2.59
worry,5.54,4.4,3.54,3.84,5.07
writing,3.46,4.3,2.77,3,4.86
youth,3.64,4.5,3,3.15,3.07
zoo,2.48,3.61,2.12,1.55,2.84